{
    "rmse": 0.5254349139085195,
    "mae": 0.4110454844003173,
    "r2": 0.37058131156774854
}