{
    "rmse": 0.5263486818517088,
    "mae": 0.4112412811209527,
    "r2": 0.38343328000266774
}