{
    "rmse": 0.5256263631570011,
    "mae": 0.4087294242141139,
    "r2": 0.3853117896826317
}